﻿{
	"$schema": "http://json-schema.org/draft-04/schema#",
	"id": "http://frtech.in/schemas/app-environment-configuration#",

	"title": "Environment Configuration Schema",
	"description": "JSON Schema for environment configuration",
	"additionalProperties": false,

	"definitions": {
	},

	"properties": {
		"applicationDisplayVersion": {
			"$ref": "../Configuration/common-definitions-schema.json#/definitions/nonEmptyString",
			"title": "Application Display Version",
			"description": "Display version of the application"
		},
		"applicationName": {
			"$ref": "../Configuration/common-definitions-schema.json#/definitions/nonEmptyString",
			"title": "Application Display Name",
			"description": "Name of the application"
		},
		"applicationShortName": {
			"$ref": "../Configuration/common-definitions-schema.json#/definitions/nonEmptyString",
			"title": "Application Short Name",
			"description": "Name of the application"
		},
		"applicationSupportEmail": {
			"$ref": "../Configuration/common-definitions-schema.json#/definitions/email",
			"title": "Application support e-mail",
			"description": "Support email for the application"
		},
		"applicationTechSupportEmail": {
			"$ref": "../Configuration/common-definitions-schema.json#/definitions/email",
			"title": "Application Tech Support e-mail",
			"description": "Tech support email for the application",
			"default": "ravi.k@frtech.in"
		},
		"applicationVersion": {
			"$ref": "../Configuration/common-definitions-schema.json#/definitions/nonEmptyString",
			"title": "Application Semantic Version",
			"description": "Display Semantic version of the application"
		},
		"companyName": {
			"$ref": "../Configuration/common-definitions-schema.json#/definitions/nonEmptyString",
			"title": "Company Full Name",
			"description": "Name of the company"
		},
		"companyShortName": {
			"$ref": "../Configuration/common-definitions-schema.json#/definitions/nonEmptyString",
			"title": "Company Short Name",
			"description": "Name of the company"
		},
		"companyUrl": {
			"$ref": "../Configuration/common-definitions-schema.json#/definitions/absoluteUrl",
			"title": "Company Url",
			"description": "Url of the company"
		},
		"copyrightOwner": {
			"$ref": "../Configuration/common-definitions-schema.json#/definitions/nonEmptyString",
			"title": "Copyright owner",
			"description": "Copyright owner",
			"default": "FR Tech&trade; Technologies Private Limited, INDIA. All rights reserved."
		},
		"copyrightStartYear": {
			"$ref": "../Configuration/common-definitions-schema.json#/definitions/year",
			"title": "Copyright Start Year",
			"description": "Copyright start year",
			"default": 2016
		},
		"trademarks": {
			"type": "string",
			"title": "Trademarks",
			"description": "Trademarks"
		}
	},

	"required": [ "applicationName", "applicationDisplayVersion", "applicationVersion", "applicationShortName",
					"companyShortName", "companyName", "companyUrl", "copyrightOwner", "copyrightStartYear", "trademarks",
					"applicationSupportEmail", "applicationTechSupportEmail" ]
}