﻿{
	"$schema": "http://json-schema.org/draft-04/schema#",
	"id": "http://frtech.in/schemas/cryptography-configuration#",

	"title": "Cryptography Schema",
	"description": "JSON Schema for cryptography configuration",
	"additionalProperties": false,

	"definitions": {
		"symmetricAlgorithm": {
			"title": "Symmetric Algorithm",
			"description": "Symmetric algorithm name",
			"allOf": [
				{ "$ref": "../Configuration/common-definitions-schema.json#/definitions/nonEmptyString" },
				{ "enum": [ "Aes", "TripleDES" ] }
			]
		},
		"asymmetricAlgorithm": {
			"title": "Asymmetric Algorithm",
			"description": "Asymmetric algorithm name",
			"allOf": [
				{ "$ref": "../Configuration/common-definitions-schema.json#/definitions/nonEmptyString" },
				{ "enum": [ "RSA" ] }
			]
		},
		"hashAlgorithm": {
			"title": "Hash Algorithm",
			"description": "Hash algorithm name",
			"allOf": [
				{ "$ref": "../Configuration/common-definitions-schema.json#/definitions/nonEmptyString" },
				{ "enum": [ "MD5", "SHA1", "SHA256", "SHA384", "SHA512" ] }
			]
		},

		"symmetricConfig": {
			"type": "object",
			"additionalProperties": false,
			"title": "Symmetric Algorithm Configuration",
			"description": "Configuration for symmetric algorithms",

			"properties": {
				"algorithm": {
					"$ref": "#/definitions/symmetricAlgorithm"
				},
				"key": {
					"$ref": "../Configuration/common-definitions-schema.json#/definitions/base64String",
					"title": "Symmetric Algorithm Key",
					"description": "Key for the symmetric algorithm"
				},
				"iv": {
					"$ref": "../Configuration/common-definitions-schema.json#/definitions/base64String",
					"title": "Symmetric Algorithm IV",
					"description": "Initialization vector for the symmetric algorithm"
				}
			},

			"required": [ "key", "iv" ]
		},

		"asymmetricConfig": {
			"type": "object",
			"additionalProperties": false,
			"title": "Asymmetric Algorithm Configuration",
			"description": "Configuration for asymmetric algorithms",

			"properties": {
				"algorithm": {
					"$ref": "#/definitions/asymmetricAlgorithm"
				},
				"key": {
					"$ref": "../Configuration/common-definitions-schema.json#/definitions/base64String",
					"title": "Asymmetric Algorithm Key",
					"description": "Key for the asymmetric algorithm"
				},
				"hashAlgorithm": {
					"$ref": "#/definitions/hashAlgorithm"
				}
			},

			"required": [ "key" ]
		},

		"hashConfig": {
			"type": "object",
			"additionalProperties": false,
			"title": "Hash Algorithm Configuration",
			"description": "Configuration for hash algorithms",

			"properties": {
				"algorithm": {
					"$ref": "#/definitions/hashAlgorithm"
				},
				"salt": {
					"$ref": "../Configuration/common-definitions-schema.json#/definitions/base64String",
					"title": "Hasl Algorithm Salt",
					"description": "Salt for the hash algorithm"
				}
			},

			"required": [ "salt" ]
		}
	},

	"properties": {
		"symmetric": {
			"$ref": "#/definitions/symmetricConfig"
		},
		"asymmetric": {
			"$ref": "#/definitions/asymmetricConfig"
		},
		"hash": {
			"$ref": "#/definitions/hashConfig"
		}
	}
}
