﻿{
	"$schema": "http://json-schema.org/draft-04/schema#",
	"id": "http://frtech.in/schemas/messaging-environment-configuration#",

	"title": "Messaging Configuration Schema",
	"description": "JSON Schema for messaging configuration",
	"additionalProperties": false,

	"definitions": {
		"templates": {
			"type": "object",
			"additionalProperties": false,

			"title": "Templates configuration",
			"description": "Templates configuration",

			"properties": {
				"relativePath": {
					"$ref": "../Configuration/common-definitions-schema.json#/definitions/nonEmptyString",
					"title": "Templates Path",
					"description": "Path of the templates relative to the app content root"
				},
				"replacements": {
					"type": "object",
					"title": "Replacement Dictionary",
					"description": "Token replacements",
					"uniqueItems": true,
					"additionalProperties": { "$ref": "../Configuration/common-definitions-schema.json#/definitions/nonEmptyString" }
				}
			}
		},
		"smtpEmail": {
			"type": "object",
			"additionalProperties": false,

			"title": "Smtp E-mail configuration",
			"description": "Smtp e-mail configuration",

			"properties": {
				"server": {
					"$ref": "../Configuration/common-definitions-schema.json#/definitions/nonEmptyString",
					"title": "Server",
					"description": "Smtp server or IP address"
				},
				"port": {
					"$ref": "../Configuration/common-definitions-schema.json#/definitions/port",
					"title": "Port",
					"description": "Smtp port"
				},
				"secure": {
					"type": "boolean",
					"title": "Secure",
					"description": "Whether the communication is secure over SSL",
					"default": true
				},
				"senderEmail": {
					"$ref": "../Configuration/common-definitions-schema.json#/definitions/email",
					"title": "Sender E-mail",
					"description": "Sender e-mail address for authentication"
				},
				"senderPassword": {
					"$ref": "../Configuration/common-definitions-schema.json#/definitions/nonEmptyString",
					"title": "Sender Password",
					"description": "Sender password for authentication"
				}
			},

			"required": [ "server", "port", "senderEmail", "senderPassword" ]
		},
		"twilioSms": {
			"type": "object",
			"additionalProperties": false,

			"title": "Twilio Sms configuration",
			"description": "Twilio sms configuration",

			"properties": {
				"accountSid": {
					"$ref": "../Configuration/common-definitions-schema.json#/definitions/nonEmptyString",
					"title": "Account SID",
					"description": "Account sid"
				},
				"authToken": {
					"$ref": "../Configuration/common-definitions-schema.json#/definitions/nonEmptyString",
					"title": "Authentication token",
					"description": "Authentication token"
				},
				"fromPhone": {
					"$ref": "../Configuration/common-definitions-schema.json#/definitions/phone",
					"title": "From Phone",
					"description": "From phone"
				}
			},

			"required": [ "accountSid", "authToken", "fromPhone" ]
		}
	},

	"properties": {
		"templates": {
			"$ref": "#/definitions/templates",
			"title": "Templates configuration",
			"description": "Templates configuration"
		},
		"smtpEmail": {
			"$ref": "#/definitions/smtpEmail",
			"title": "E-mail configuration",
			"description": "E-mail configuration"
		},
		"twilioSms": {
			"$ref": "#/definitions/twilioSms",
			"title": "Sms configuration",
			"description": "Sms configuration"
		}
	}
}