﻿{
	"$schema": "http://json-schema.org/draft-04/schema#",
	"id": "http://frtech.in/schemas/web-localization-configuration#",

	"title": "Localization Configuration Schema",
	"description": "JSON Schema for localization configuration",
	"additionalProperties": false,

	"definitions": {
	},

	"properties": {
		"defaultLanguage": {
			"$ref": "../../FRT/Configuration/common-definitions-schema.json#/definitions/languageCode",
			"title": "Default Request Language",
			"description": "Name of the language to use for a request if nothing specified is supported"
		},
		"supportedLanguages": {
			"type": "array",
			"title": "Supported language codes",
			"description": "The language codes to be supported",
			"minItems": 1,
			"uniqueItems": true,
			"items": {
				"$ref": "../../FRT/Configuration/common-definitions-schema.json#/definitions/languageCode"
			}
		},
		"userLanguageCookieName": {
			"$ref": "../../FRT/Configuration/common-definitions-schema.json#/definitions/nonEmptyString",
			"title": "User Language Cookie Name",
			"description": "Name of the cookie in which user's language preference is stored"
		},
		"userLanguageQueryParameterName": {
			"$ref": "../../FRT/Configuration/common-definitions-schema.json#/definitions/nonEmptyString",
			"title": "User Language Query Parameter Name",
			"description": "Name of the query parameter in which user's language preference is stored"
		},
		"userLanguageRequestHeaderName": {
			"$ref": "../../FRT/Configuration/common-definitions-schema.json#/definitions/nonEmptyString",
			"title": "User Language Request Header Name",
			"description": "Name of the request header in which user's language preference is stored"
		},
		"userLanguageExtractionPreference": {
			"type": "array",
			"title": "User Language Preference Order",
			"description": "Methods in which to retrieve the user language preference",
			"items": {
				"type": "string",
				"enum": ["RequestHeader", "Cookie", "QueryString"]
			}
		}
	},

	"required": ["defaultLanguage", "supportedLanguages"]
}