﻿{
	"$schema": "http://json-schema.org/draft-04/schema#",
	"id": "http://frtech.in/schemas/web-security-configuration#",

	"title": "Security Configuration Schema",
	"description": "JSON Schema for security configuration",
	"additionalProperties": false,

	"definitions": {
		"cookies": {
			"type": "object",
			"additionalProperties": false,

			"title": "Cookies",
			"description": "Cookies settings",

			"properties": {
				"applicationCookieName": {
					"$ref": "../../FRT/Configuration/common-definitions-schema.json#/definitions/nonEmptyString",
					"title": "Application Cookie Name",
					"description": "Name of the application cookie"
				},
				"externalCookieName": {
					"$ref": "../../FRT/Configuration/common-definitions-schema.json#/definitions/nonEmptyString",
					"title": "External Cookie Name",
					"description": "Name of the external cookie"
				},
				"expiryDuration": {
					"$ref": "../../FRT/Configuration/common-definitions-schema.json#/definitions/nonZeroDuration",
					"title": "Cookie Expiry",
					"description": "Expiry duration for the cookie"
				}
			}
		},

		"recaptcha": {
			"type": "object",
			"additionalProperties": false,

			"title": "Recaptcha Configuration",
			"description": "Recaptcha Configuration",

			"properties": {
				"siteKey": {
					"$ref": "../../FRT/Configuration/common-definitions-schema.json#/definitions/nonEmptyString",
					"title": "External Provider Display Name",
					"description": "Display name of this external identity provider"
				},
				"secretKey": {
					"$ref": "../../FRT/Configuration/common-definitions-schema.json#/definitions/nonEmptyString",
					"title": "External Provider Icon Class",
					"description": "Icon class name of this external identity provider"
				},
				"disabledContexts": {
					"type": "array",
					"additionalItems": true,
					"title": "Disabled Recaptcha Contexts",
					"description": "Recaptcha contexts to be disabled",
					"uniqueItems": true,
					"minItems": 0,
					"items": { "$ref": "../../FRT/Configuration/common-definitions-schema.json#/definitions/nonEmptyString" }
				}
			},

			"required": [ "siteKey", "secretKey" ]
		},

		"externalIdentityProvider": {
			"type": "object",
			"additionalProperties": false,

			"title": "External Identity Provider",
			"description": "Details of an external identity provider",

			"properties": {
				"disable": {
					"type": "boolean",
					"title": "Disable External Providers",
					"description": "Whether to disable external authentication providers",
					"default": false
				},
				"clientId": {
					"$ref": "../../FRT/Configuration/common-definitions-schema.json#/definitions/nonEmptyString",
					"title": "Client Id",
					"description": "Client or App Id provided by the provider when the app is registered"
				},
				"clientSecret": {
					"$ref": "../../FRT/Configuration/common-definitions-schema.json#/definitions/nonEmptyString",
					"title": "Client Secret",
					"description": "Client or App Secret provided by the provider when the app is registered"
				}
			},

			"required": [ "clientId", "clientSecret" ]
		},

		"externalIdentityProviders": {
			"type": "object",
			"additionalProperties": false,

			"title": "External Identities",
			"description": "List of external identity providers",

			"properties": {
				"disable": {
					"type": "boolean",
					"title": "Disable External Providers",
					"description": "Whether to disable external authentication providers",
					"default": false
				},
				"google": {
					"$ref": "#/definitions/externalIdentityProvider",
					"title": "Google Provider",
					"description": "Google provider details"
				},
				"facebook": {
					"$ref": "#/definitions/externalIdentityProvider",
					"title": "Facebook Provider",
					"description": "Facebook provider details"
				}
			}
		}
	},

	"properties": {
		"cookies": {
			"$ref": "#/definitions/cookies",
			"title": "Cookie Settings",
			"description": "Settings for security cookies"
		},
		"recaptcha": {
			"$ref": "#/definitions/recaptcha",
			"title": "Recaptcha Settings",
			"description": "Settings for recaptcha"
		},
		"externalIdentityProviders": {
			"$ref": "#/definitions/externalIdentityProviders",
			"title": "External Identities",
			"description": "External identity details"
		},
		"securityStampRevalidationPeriodSeconds": {
			"$ref": "../../FRT/Configuration/common-definitions-schema.json#/definitions/duration",
			"title": "Security Stamp Validation Period",
			"description": "Period at which the security timestamps are re-validated"
		}
	}
}
