﻿{
	"$schema": "http://json-schema.org/draft-04/schema#",
	"id": "http://frtech.in/schemas/web-timezone-configuration#",

	"title": "TimeZone Configuration Schema",
	"description": "JSON Schema for timezone configuration",
	"additionalProperties": false,

	"definitions": {
	},

	"properties": {
		"serverTimeZone": {
			"$ref": "../../FRT/Configuration/common-definitions-schema.json#/definitions/nonEmptyString",
			"title": "Server time zone",
			"description": "Name of the time zone of the server"
		},
		"detectedTimeZoneCookieName": {
			"$ref": "../../FRT/Configuration/common-definitions-schema.json#/definitions/nonEmptyString",
			"title": "Detected Time Zone Cookie Name",
			"description": "Name of the cookie in which user's detected timezone is stored"
		},
		"detectedTimeZoneRequestHeaderName": {
			"$ref": "../../FRT/Configuration/common-definitions-schema.json#/definitions/nonEmptyString",
			"title": "Detected Time Zone Request Header Name",
			"description": "Name of the request header in which user's detected timezone is stored"
		},
		"detectedTimeZoneQueryStringParameterName": {
			"$ref": "../../FRT/Configuration/common-definitions-schema.json#/definitions/nonEmptyString",
			"title": "Detected Time Zone Query String Parameter Name",
			"description": "Name of the query string parameter in which user's detected timezone is stored"
		},
		"userSelectedTimeZoneCookieName": {
			"$ref": "../../FRT/Configuration/common-definitions-schema.json#/definitions/nonEmptyString",
			"title": "User Selected Time Zone Cookie Name",
			"description": "Name of the cookie in which user's selected timezone is stored"
		},
		"userSelectedTimeZoneRequestHeaderName": {
			"$ref": "../../FRT/Configuration/common-definitions-schema.json#/definitions/nonEmptyString",
			"title": "User Selected Time Zone Request Header Name",
			"description": "Name of the request header in which user's selected timezone is stored"
		},
		"userSelectedTimeZoneQueryStringParameterName": {
			"$ref": "../../FRT/Configuration/common-definitions-schema.json#/definitions/nonEmptyString",
			"title": "User Selected Time Zone Query String Parameter Name",
			"description": "Name of the query string parameter in which user's selected timezone is stored"
		},
		"timeZoneExtractionPreference": {
			"type": "array",
			"title": "Time Zone Preference Order",
			"description": "Methods in which to retrieve the user timezone",
			"items": {
				"type": "string",
				"enum": [ "RequestHeader", "Cookie", "QueryString" ]
			}
		}
	},

	"required": [ "serverTimeZone" ]
}