﻿{
	"$schema": "http://json-schema.org/draft-04/schema#",
	"id": "http://frtech.in/schemas/identity-configuration#",

	"title": "Identity Configuration Schema",
	"description": "JSON Schema for identity configuration",
	"additionalProperties": false,

	"definitions": {
	},

	"properties": {
		"emailConfirmation": {
			"type": "boolean",
			"title": "Email Confirmation",
			"description": "Whether to confirm e-mail addresses",
			"default": true
		},
		"phoneConfirmation": {
			"type": "boolean",
			"title": "Phone Confirmation",
			"description": "Whether to confirm phone numbers",
			"default": true
		},
		"lockoutTimeSeconds": {
			"$ref": "../Configuration/common-definitions-schema.json#/definitions/duration",
			"title": "Lockout Time Period",
			"description": "Period for which a user is loccked-out, once the lock out happens"
		},
		"maxFailedAccessAttempts": {
			"type": "integer",
			"title": "Max Failed Access Attempts",
			"description": "Number of failed access attempts after which a user is locked out"
		}
	}
}
