﻿{
	"$schema": "http://json-schema.org/draft-04/schema#",
	"id": "http://frtech.in/schemas/common-definitions#",

	"title": "Common Definitions Schema",
	"description": "JSON Schema for common definitions",

	"definitions": {
		"nonEmptyString": {
			"type": "string",
			"title": "Non-empty String",
			"description": "String which should contain at least one non-space character",
			"pattern": "^(?!\\s*$).+"
		},
		"nonEmptyStrings": {
			"type": "array",
			"additionalItems": true,
			"title": "Non-empty String Array",
			"description": "Allows one or more non-empty strings",
			"uniqueItems": true,
			"minItems": 0,
			"items": { "$ref": "#/definitions/nonEmptyString" }
		},
		"nonEmptyNonCommaString": {
			"type": "string",
			"title": "Non-empty Non-comma String",
			"description": "String which should contain at least one non-space character and does not contain a comma",
			"pattern": "^(?!\\s*(,|$))[^,]+$"
		},
		"nonEmptyNonCommaStrings": {
			"type": "string",
			"title": "Non-empty Non-comma Strings",
			"description": "Non-empty non-comma strings separated by comma",
			"pattern": "^(?!\\s*(,|$))[^,]+(\\s*,\\s*(?!\\s*(,|$))[^,]+)*$"
		},
		"nonEmptyNonSemicolonString": {
			"type": "string",
			"title": "Non-empty Non-semicolon String",
			"description": "String which should contain at least one non-space character and does not contain a semicolon",
			"pattern": "^(?!\\s*(;|$))[^;]+$"
		},
		"nonEmptyNonSemicolonStrings": {
			"type": "string",
			"title": "Non-empty Non-semicolon Strings",
			"description": "Non-empty non-semicolon strings separated by semicolon",
			"pattern": "^(?!\\s*(;|$))[^;]+(\\s*;\\s*(?!\\s*(;|$))[^;]+)*$"
		},
		"base64String": {
			"type": "string",
			"title": "Base 64 String",
			"description": "Base 64 string notation of binary data",
			"pattern": "^(?:[A-Za-z0-9+/]{4})*(?:[A-Za-z0-9+/]{2}==|[A-Za-z0-9+/]{3}=)?$"
		},
		"environment": {
			"type": "string",
			"title": "Target Environment",
			"description": "Target environment",
			"pattern": "^(?!\\s*$).+",
			"enum": [ "Debug", "Release", "Development", "Staging", "Production" ]
		},
		"environments": {
			"type": "array",
			"additionalItems": true,
			"title": "Target Environment",
			"description": "Target environments",
			"uniqueItems": true,
			"minItems": 1,
			"items": { "$ref": "#/definitions/environment" }
		},
		"xmlDuration": {
			"type": "string",
			"title": "Cml Duration",
			"description": "Duration expressed in XML format",
			"pattern": "^P\\d+Y\\d+M\\d+DT\\d+H\\d+M\\d+S$"
		},
		"duration": {
			"type": "integer",
			"title": "Duration Allow Zero",
			"description": "Duration in milliseconds with 0 allowed",
			"minimum": 0,
			"exclusiveMinimum": false
		},
		"nonZeroDuration": {
			"type": "integer",
			"title": "Duration",
			"description": "Duration in milliseconds greater than 0",
			"minimum": 0,
			"exclusiveMinimum": true
		},
		"port": {
			"type": "number",
			"title": "Usable Port",
			"description": "Usable port number",
			"minimum": 0,
			"exclusiveMinimum": true,
			"maximum": 65535,
			"exclusiveMaximum": false
		},
		"email": {
			"type": "string",
			"title": "Email",
			"description": "Email address string",
			"pattern": "^[a-zA-Z0-9]+([-+._][a-zA-Z0-9]+){0,2}@.*?(\\.([aA](?:[cdefgilmnoqrstuwxzCDEFGILMNOQRSTUWXZ]|([eE][rR][oO])|(?:[rR][pP]|[sS][iI])[aA])|[bB](?:[abdefghijmnorstvwyzABDEFGHIJMNORSTVWYZ][iI][zZ])|[cC](?:[acdfghiklmnoruvxyzACDFGHIKLMNORUVXYZ]|[aA][tT]|[oO](?:[mM]|[oO][pP]))|[dD][ejkmozEJKMOZ]|[eE](?:[ceghrstuCEGHRSTU]|[dD][uU])|[fF][ijkmorIJKMOR]|[gG](?:[abdefghilmnpqrstuwyABDEFGHILMNPQRSTUWY]|[oO][vV])|[hH][kmnrtuKMNRTU]|[iI](?:[delmnoqrstDELMNOQRST]|[nN](?:[fF][oO]|[tT]))|[jJ](?:[emopEMOP]|[oO][bB][sS])|[kK][eghimnprwyzEGHIMNPRWYZ]|[lL][abcikrstuvyABCIKRSTUVY]|[mM](?:[acdeghklmnopqrstuvwxyzACDEGHKLMNOPQRSTUVWXYZ]|[iI][lL]|[oO][bB][iI]|[uU][sS][eE][uU][mM])|[nN](?:[acefgilopruzACEFGILOPRUZ]|[aA][mM][eE]|[eE][tT])|[oO](?:[mM]|[rR][gG])|[pP](?:[aefghklmnrstwyAEFGHKLMNRSTWY]|[rR][oO])|[qQ][aA]|[rR][eosuwEOSUW]|[sS][abcdeghijklmnortuvyzABCDEGHIJKLMNORTUVYZ]|[tT](?:[cdfghjklmnoprtvwzCDFGHJKLMNOPRTVWZ]|(?:[rR][aA][vV])?[eE][lL])|[uU][agkmsyzAGKMSYZ]|[vV][aceginuACEGINU]|[wW][fsFS]|[yY][etuETU]|[zZ][amwAMW])\\b){1,2}$",
			"minLength": 5
		},
		"phone": {
			"type": "string",
			"title": "Phone",
			"description": "Phone number",
			"pattern": "^\\+[1-9][0-9]*$",
			"minLength": 5,
			"maxLength": 20
		},
		"absoluteUrl": {
			"type": "string",
			"title": "Absolute Url",
			"description": "Absolute Url",
			"pattern": "^([hH][tT]|[fF])[tT][pP]([sS]?)\\:\\/\\/(([a-zA-Z0-9\\-\\._]+(\\.[a-zA-Z0-9\\-\\._]+)+)|[lL][oO][cC][aA][lL][hH][oO][sS][tT])(\\/?)([a-zA-Z0-9\\-\\.\\?\\,\\'\\/\\\\\\+&amp;%\\$#_]*)?([\\d\\w\\.\\/\\%\\+\\-\\=\\&amp;\\?\\:\\\\\\&quot;\\'\\,\\|\\~\\;]*)$",
			"minLength": 5,
			"maxLength": 256
		},
		"year": {
			"type": "integer",
			"title": "4 Digit year",
			"description": "4 Digit year",
			"minimum": 1000,
			"exclusiveMinimum": false,
			"maximum": 9999,
			"exclusiveMaximum": false
		},
		"regexValidation": {
			"type": "object",
			"additionalProperties": false,

			"title": "Regex Validation",
			"description": "Validates a string property based on regex specified",

			"properties": {
				"pattern": {
					"$ref": "#/definitions/nonEmptyString",
					"title": "Regex Pattern",
					"description": "Regular expression pattern"
				},
				"caseSensitive": {
					"type": "boolean",
					"title": "Regex Pattern Case-sensitive",
					"description": "Whether the regular expression pattern is case-sensitive"
				},
				"hintResourceId": {
					"$ref": "#/definitions/nonEmptyString",
					"title": "Hint",
					"description": "The message to show the user to indicate the expected data"
				}
			},

			"required": [ "pattern" ]
		},
		"languageCode": {
			"type": "string",
			"title": "Language Code",
			"description": "A neutral or locale specific language code",
			"pattern": "^[a-zA-Z]{2}(\\-[a-z-A-Z]{2,4})?$"
		},
		"claim": {
			"type": "object",
			"additionalProperties": false,

			"title": "Claim",
			"description": "Claim",

			"properties": {
				"type": {
					"$ref": "#/definitions/nonEmptyString",
					"title": "Claim type",
					"description": "Type of this claim"
				},
				"value": {
					"type": "object",
					"title": "Claim value",
					"description": "Value of this claim"
				},
				"valueType": {
					"$ref": "#/definitions/nonEmptyString",
					"title": "Value type",
					"description": "Type of this claim's value"
				},
				"issuer": {
					"$ref": "#/definitions/nonEmptyString",
					"title": "Claim Issuer",
					"description": "Issuer of this claim"
				},
				"originalIssuer": {
					"$ref": "#/definitions/nonEmptyString",
					"title": "Claim Issuer",
					"description": "Issuer of this claim"
				}
			},

			"required": [ "type", "value" ]
		}
	}
}